id,X1_0460,X1_0410,bPb.7043,X3_1533,X3_0817,FGX_OWB00106,Bmac0399,bPb.2166,bPb.9418,FGX_OWB00167,X1_1357,bPb.1231,X2_0514,X.222328.,X.223055.,bPb.9360,X3_0562,FGX_OWB00391,X3_1381,X2_0698,X1_1217,X1_1256,bPb.3382,X1_0768,X3_1532,X3_0304,bPb.1133,bPb.5339,X1_0166,bPb.8713,X2_0121,X3_0072,X1_1144,JS10C,bPb.7963,FGX_OWB00278,X2_0909,MWG706A,X2_0780,X.221039.,X3_1526,X1_0854,X2_1172,X1_0207,bPb.6065,X2_0383,FGX_OWB00426,X2_0594,ABG387A,X.223556.,bPb.0516,FGX_OWB00455,bPb.7892,X1_0718,bPb.0205,FGX_OWB00147,bPb.5519,X.223312.,bPb.9220,bPb.0715,ABG008,bPb.2355,bPb.6494,bPb.8292,X2_1261,X2_0368,GBM1066,X2_1461,FGX_OWB00436,X1_0178,X1_0084,FGX_OWB00255,X1_1340,FGX_OWB00338,bPb.0220,X1_1302,X1_0638,X2_0602,X3_0195,X3_0251,X2_0643,X2_1286,X.222433.,X2_0039,X2_0458,X1_1369,X1_0883,Ebmac0684,FGX_OWB00401,X1_0436,ABG356,X1_1430,X3_1307,X.222771.,X2_0833,X2_0528,X3_0178,FGX_OWB00431,X3_0900,X2_1351,DsT.41,X1_1285,GBM1062,MWG882A,X3_0095,bPb.1772,FGX_OWB00183,X3_1402,ABG072,X1_0263,X1_1236,bPb.1266,X3_0097,Ebmc0415,FGX_OWB00238,X2_1406,X1_0065,X1_0383,X3_0396,X2_0590,X1_1023,bPb.5460,bPb.7208,FGX_OWB00132,X3_1300,bPb.4232,FGX_OWB00207,bPb.1085,X2_1496,scssr08447
,1,1,1,1,1,1,1,1,1,1,1,1,1,1,1,1,1,1,1,1,1,1,1,1,1,1,1,1,1,1,1,1,1,1,1,1,1,1,1,1,1,1,1,1,1,1,1,1,1,1,1,1,1,1,1,1,1,1,1,1,1,1,1,1,1,1,1,1,1,1,1,1,1,1,1,1,1,1,1,1,1,1,1,1,1,1,1,1,1,1,1,1,1,1,1,1,1,1,1,1,1,1,1,1,1,1,1,1,1,1,1,1,1,1,1,1,1,1,1,1,1,1,1,1,1,1,1,1,1,1
OWB10,a,a,a,a,a,a,a,a,a,a,a,a,a,a,a,a,a,a,a,a,a,a,a,a,a,a,a,a,a,a,a,a,a,a,a,a,b,b,b,b,b,b,b,b,b,b,b,b,b,a,a,a,a,a,a,a,a,a,a,a,a,a,a,a,b,b,b,b,b,b,b,b,b,b,b,b,b,a,a,a,a,a,a,a,a,a,a,a,a,a,a,a,a,a,a,a,a,a,a,a,a,a,a,a,a,a,a,a,a,a,a,a,a,a,a,a,a,a,a,b,b,b,b,b,b,b,b,b,b,b
OWB11,a,a,a,a,a,b,b,b,b,b,b,b,b,b,b,b,b,b,b,b,b,b,b,b,b,b,b,b,b,b,b,b,b,b,b,b,b,b,b,b,b,b,b,b,b,b,b,b,b,a,a,a,a,a,a,a,a,a,a,a,a,a,a,a,a,a,a,a,-,a,a,a,a,a,a,a,a,a,a,a,a,a,a,a,a,a,a,a,a,a,a,a,a,a,a,a,a,a,a,a,a,a,a,a,a,a,-,a,a,a,a,a,a,a,a,a,a,a,a,a,a,a,a,a,b,b,b,b,b,b
OWB13,a,a,a,a,a,a,b,b,b,-,b,b,b,b,b,-,b,b,b,b,b,b,b,b,b,b,b,b,b,b,b,b,b,b,b,b,b,b,b,b,b,b,b,b,a,a,a,a,a,a,a,-,a,a,b,b,b,b,b,b,b,b,b,b,b,b,b,b,b,b,b,b,b,b,b,b,b,a,a,a,a,a,a,a,a,a,a,a,a,a,a,a,a,a,b,b,b,b,a,a,-,b,b,b,b,b,-,b,b,b,b,b,b,b,b,b,b,b,b,b,b,b,b,b,b,b,b,b,b,b
OWB14,b,b,b,b,b,b,b,b,b,b,b,b,b,b,b,b,b,b,b,b,a,a,a,a,a,a,a,a,a,a,a,a,b,b,b,b,b,b,b,b,b,b,b,b,b,b,b,b,b,b,b,b,-,b,b,b,b,b,b,b,b,b,b,b,b,b,b,b,b,b,b,b,b,b,b,b,b,b,b,b,b,b,b,b,b,b,b,b,b,b,b,b,b,b,b,b,b,b,b,b,b,b,b,b,b,b,a,a,a,a,a,a,a,a,a,a,a,a,a,a,a,a,a,a,a,a,a,a,a,a
OWB16,b,b,b,b,b,a,a,a,a,a,a,a,a,a,a,a,a,a,a,a,a,a,a,a,a,a,a,a,a,a,a,a,a,a,a,a,a,a,a,a,a,a,a,a,a,a,a,a,a,b,b,b,b,b,b,b,b,b,b,b,b,b,b,b,a,a,a,a,a,a,a,a,a,a,a,a,a,a,a,a,a,a,a,a,a,a,a,a,a,a,a,a,a,a,a,a,a,-,a,a,a,a,a,a,a,a,b,b,b,b,b,b,b,b,b,b,b,b,b,b,b,b,b,b,b,b,b,b,b,b
OWB17,b,b,b,b,b,b,b,b,b,b,b,b,b,b,b,b,b,b,b,b,b,b,b,b,b,b,b,b,b,b,b,b,b,b,b,b,b,b,b,b,b,b,b,b,b,b,b,b,b,a,a,a,a,a,a,a,a,a,a,a,a,a,a,a,a,a,a,a,a,a,a,a,a,a,a,a,a,a,a,a,a,a,a,a,a,a,a,a,a,a,a,a,a,a,a,a,a,a,a,a,a,a,a,a,a,a,a,a,a,a,b,b,b,b,b,b,b,b,b,b,b,b,b,b,b,b,b,b,b,b
OWB18,b,b,b,b,b,b,b,b,a,a,a,a,a,a,a,a,a,a,a,a,a,a,a,a,a,a,a,a,a,a,a,a,a,a,a,a,a,a,a,a,a,a,a,b,b,b,b,b,b,a,a,a,a,a,a,a,a,b,b,b,b,b,b,b,a,a,a,a,-,a,a,a,a,a,a,a,a,a,a,a,a,a,a,a,a,a,a,a,a,a,a,a,b,b,b,b,b,b,b,b,b,b,b,b,b,a,-,a,a,a,a,b,b,b,b,b,b,b,b,b,b,b,b,b,b,b,b,b,b,b
OWB19,b,b,b,b,b,b,b,b,b,b,b,b,b,b,a,a,a,a,a,a,a,a,a,a,a,a,a,a,a,a,a,a,a,a,a,a,a,a,a,a,a,a,a,a,a,a,a,a,a,b,b,b,b,b,b,b,b,b,b,b,b,b,b,b,b,b,b,b,b,b,b,-,b,b,b,b,b,b,b,b,b,b,b,b,b,b,b,b,b,b,b,b,b,b,b,b,b,b,b,b,b,b,b,b,b,b,b,b,b,b,b,b,b,b,b,b,b,b,b,b,b,b,b,b,b,b,b,b,b,b
OWB2,b,b,b,b,b,b,b,b,b,b,b,b,b,b,b,b,b,b,b,b,b,b,b,b,b,b,b,b,b,b,b,b,b,b,b,b,b,b,b,b,b,b,b,b,b,b,b,b,b,b,b,b,b,b,b,b,b,b,b,b,b,b,b,b,b,b,b,b,b,b,b,b,b,b,b,b,b,b,b,b,b,b,b,b,b,b,b,b,b,b,b,b,b,b,b,b,b,b,b,b,b,b,b,b,a,a,a,a,a,a,a,a,a,a,a,a,a,a,a,a,a,a,a,a,a,a,a,a,a,a
OWB20,b,b,b,b,b,b,b,b,b,-,b,b,b,b,b,b,b,b,b,b,b,b,b,b,b,b,b,b,b,b,b,a,a,a,a,a,a,a,a,a,a,a,a,b,b,b,b,b,b,a,a,a,a,a,a,a,a,a,a,a,a,a,a,a,a,a,a,a,a,a,a,a,a,a,a,a,a,a,a,a,b,b,b,b,b,b,b,b,b,b,b,b,b,b,b,b,a,a,a,a,a,a,a,a,a,a,a,a,a,a,a,a,a,a,a,a,a,a,a,a,a,a,a,a,a,a,a,a,a,a
OWB21,b,b,b,b,b,a,a,a,a,-,a,a,a,a,a,a,a,a,a,a,a,a,a,a,a,a,a,a,a,a,a,a,b,b,b,b,b,b,b,b,b,a,a,a,a,a,a,a,a,a,a,a,a,a,a,-,a,a,a,a,a,a,a,a,a,a,a,a,a,a,a,a,a,a,a,a,a,a,a,a,a,a,a,a,a,a,a,a,a,a,a,a,a,a,a,a,a,-,a,a,a,a,a,a,a,a,-,a,a,a,a,b,b,b,b,b,b,b,b,b,b,b,b,a,a,a,a,a,a,a
OWB23,b,b,b,a,a,a,a,a,a,a,a,a,a,a,a,a,a,a,a,a,a,a,a,a,a,a,a,a,a,a,a,a,a,b,b,b,b,b,b,b,b,b,b,b,a,a,a,a,a,b,b,b,-,b,b,b,b,b,b,b,b,b,b,b,b,b,b,b,b,b,b,b,b,b,b,b,b,b,b,b,b,b,b,b,b,b,b,b,b,b,b,b,b,b,b,b,b,b,b,b,b,b,b,b,b,a,a,a,a,a,a,a,a,a,a,a,a,a,a,a,a,a,a,a,a,a,a,a,a,a
OWB24,a,a,b,b,b,b,b,b,b,b,b,b,b,b,b,b,b,-,b,b,b,b,b,b,b,b,b,b,b,b,b,b,a,a,a,a,a,a,b,b,b,b,b,b,b,b,-,b,b,a,a,a,a,a,a,a,a,a,a,a,a,a,a,a,a,a,a,a,a,a,a,a,a,a,a,a,a,a,a,a,a,a,a,a,a,a,a,a,a,a,a,a,a,a,a,a,a,-,a,a,a,a,a,a,a,a,a,a,a,a,a,a,a,a,a,a,a,a,a,a,a,a,a,a,a,a,a,a,a,a
OWB25,a,a,a,a,a,b,b,b,b,b,b,b,b,b,b,b,b,b,b,b,b,b,b,b,b,b,b,b,a,a,a,a,a,a,a,a,a,a,a,a,a,a,a,a,a,a,a,b,b,b,b,b,b,b,b,b,b,b,b,b,b,b,b,b,b,b,b,b,b,b,b,b,b,b,b,b,b,b,b,b,b,b,b,b,b,b,b,b,b,b,b,b,b,b,b,b,b,b,b,b,a,a,a,a,a,a,a,a,a,a,a,a,a,a,a,a,a,a,a,a,a,a,a,a,a,a,a,a,a,a
OWB26,b,b,b,b,b,b,b,b,b,b,b,b,b,b,b,b,b,b,b,b,b,b,b,b,b,b,b,b,b,b,b,b,b,b,b,b,b,b,b,b,b,b,b,b,b,b,b,b,b,-,b,b,b,b,b,b,b,b,b,b,b,b,b,b,b,b,b,b,b,b,b,-,b,b,b,b,b,b,b,b,b,b,b,b,b,b,b,b,b,b,b,b,b,b,b,b,b,b,b,b,b,b,b,b,b,b,-,b,b,b,b,b,b,b,b,b,b,b,b,b,b,b,b,b,b,b,b,b,b,b
OWB28,b,b,b,b,b,b,b,b,b,-,a,a,a,a,a,a,a,a,a,a,a,a,a,a,a,a,a,a,a,a,a,a,a,a,a,a,a,a,b,b,b,b,b,b,b,b,b,b,b,b,b,b,b,b,b,b,b,b,b,b,b,b,b,b,b,a,a,a,a,a,-,a,a,a,a,a,a,a,a,a,a,a,a,a,a,a,a,a,a,a,a,a,a,a,a,a,a,-,a,a,b,b,b,b,b,b,b,b,b,b,b,a,a,a,a,a,a,a,a,a,a,a,a,a,a,a,a,a,a,a
OWB29,a,a,a,a,a,a,a,a,a,a,a,a,b,b,b,b,b,b,b,b,b,b,b,b,b,b,b,b,b,b,b,b,b,b,b,b,b,b,b,b,b,b,b,b,b,b,b,b,b,b,b,b,b,b,b,b,b,b,b,b,b,b,b,b,b,b,b,b,b,b,b,b,b,b,b,b,b,b,b,b,b,b,b,b,b,b,b,b,b,b,b,b,b,b,b,b,b,b,b,b,b,b,b,b,b,b,b,b,b,b,b,b,b,b,b,b,b,b,b,b,b,b,b,b,b,b,b,b,b,b
OWB3,a,a,a,a,a,a,a,a,b,b,b,b,b,b,b,b,b,b,b,b,b,b,b,b,a,a,a,a,a,a,a,a,a,a,a,b,b,b,b,b,b,b,b,b,b,b,b,b,b,b,b,b,b,b,b,b,b,b,b,b,b,b,b,b,b,b,b,a,a,a,a,a,a,a,a,a,a,a,a,a,a,a,a,a,a,a,a,a,a,a,a,a,a,a,a,a,a,a,b,b,b,b,b,b,b,b,b,b,b,b,b,b,b,a,a,a,a,a,a,a,a,a,a,a,a,a,a,a,a,a
OWB30,b,b,b,b,b,b,b,b,b,b,b,b,b,b,b,b,b,b,b,b,a,a,a,a,a,a,b,b,b,b,b,b,b,b,b,b,b,b,b,b,b,b,b,b,b,b,b,b,b,a,a,a,a,a,a,a,b,b,b,b,b,b,b,b,b,b,b,b,b,b,b,b,b,b,b,b,b,b,b,b,b,b,b,b,b,b,b,-,b,b,b,b,b,b,b,b,b,b,b,b,b,b,b,b,b,b,a,a,a,a,a,a,a,a,a,a,a,a,a,a,a,a,a,a,a,a,a,a,a,a
OWB31,b,b,b,b,b,b,b,b,b,b,b,b,b,b,b,b,b,b,b,b,b,b,b,b,b,b,b,b,b,b,b,b,b,b,b,b,b,b,b,b,b,b,b,b,b,b,b,b,b,b,b,b,b,b,b,b,b,b,b,b,b,b,b,b,b,b,b,b,b,b,b,b,b,a,a,a,a,a,a,a,a,a,a,a,a,a,a,a,a,a,a,a,a,a,a,a,a,a,a,a,a,a,a,a,a,a,a,a,a,a,a,a,b,b,b,b,b,b,b,a,a,a,a,a,a,a,a,a,a,a
OWB32,a,a,a,a,a,-,a,a,a,a,a,a,a,a,a,a,a,a,a,a,a,a,a,a,a,a,a,a,a,a,a,b,b,-,b,b,b,b,b,b,b,b,b,b,b,b,b,b,b,b,b,b,b,b,b,b,b,b,b,b,b,b,b,b,a,a,a,a,a,a,a,a,a,a,a,a,a,a,a,a,a,a,a,a,a,a,a,a,a,a,a,a,a,a,a,a,a,a,a,a,a,a,a,a,a,a,a,a,a,a,a,a,a,a,a,a,a,a,a,a,a,a,a,a,a,a,a,a,a,a
OWB33,b,b,b,b,b,b,b,b,b,b,b,b,b,b,b,b,b,b,b,b,b,b,b,b,b,b,b,b,b,b,b,b,b,b,b,b,b,b,b,b,b,b,b,b,b,b,b,b,b,b,b,b,b,a,a,a,a,a,a,a,a,a,a,a,a,a,a,a,a,a,a,b,b,b,b,b,b,b,b,b,b,b,b,b,b,b,b,b,b,b,b,b,b,b,b,b,b,b,b,b,b,b,b,b,b,b,b,b,b,b,b,b,b,b,b,b,b,b,b,b,b,b,b,b,a,a,a,a,a,a
OWB34,a,a,a,a,a,a,a,a,a,b,b,b,b,b,b,b,b,b,b,b,b,b,b,b,b,b,b,b,b,b,b,b,b,b,b,b,b,b,b,b,b,b,b,b,b,b,b,b,b,a,a,a,a,a,a,a,a,a,a,a,a,a,a,a,a,a,a,a,a,a,a,a,a,a,a,a,a,a,a,a,a,a,a,a,a,a,a,a,a,a,a,a,a,a,a,a,a,-,a,b,b,b,b,b,b,b,b,b,b,b,b,b,b,b,b,b,b,b,b,b,b,b,b,b,b,b,a,a,a,a
OWB35,b,b,b,b,b,b,b,b,a,a,a,a,a,a,a,a,a,a,a,a,a,a,a,a,a,a,a,a,a,a,a,a,a,a,a,a,a,a,a,a,a,a,a,a,a,a,a,a,a,a,a,a,a,a,a,a,a,a,a,a,a,a,a,a,a,b,b,b,b,b,b,b,b,b,b,b,b,b,b,b,b,b,b,b,b,b,b,b,b,b,b,b,b,b,b,b,b,b,b,b,b,b,b,b,b,b,b,b,b,b,b,b,b,b,b,b,b,b,b,b,b,b,b,-,b,b,b,b,b,b
OWB36,b,b,b,b,b,b,b,b,b,b,b,b,b,b,b,b,b,b,b,b,b,b,b,b,b,b,b,b,b,b,b,b,b,b,b,b,b,b,a,a,a,a,a,a,a,a,a,a,a,b,b,b,b,b,b,b,b,b,b,b,b,b,b,b,a,a,a,a,a,a,a,a,a,a,a,a,a,a,a,a,a,a,-,a,a,a,a,a,a,a,a,a,a,a,a,a,a,b,b,b,b,b,b,b,b,b,b,b,b,b,b,b,b,b,b,b,b,b,b,b,b,b,b,b,b,b,b,b,b,b
OWB37,b,b,b,b,b,b,b,b,b,b,b,b,b,b,b,b,b,b,b,b,b,b,b,b,b,b,b,b,b,b,b,b,b,b,b,b,b,b,b,b,b,a,a,a,a,a,a,a,a,a,a,a,a,a,-,a,a,a,a,a,a,a,a,a,a,a,a,a,a,a,a,a,a,a,a,a,a,a,a,a,a,a,a,a,a,a,a,a,b,b,b,b,b,b,b,b,b,b,b,b,b,b,b,b,b,b,-,b,b,b,b,b,b,b,b,b,b,b,b,b,b,b,b,b,b,b,b,b,b,b
OWB38,b,b,b,b,b,b,b,b,b,b,b,b,b,b,b,b,b,b,b,b,b,b,b,a,a,a,a,a,a,a,a,a,a,a,a,a,a,a,b,b,b,b,a,a,a,a,a,a,a,a,a,a,a,a,a,a,a,a,a,a,a,a,a,a,a,a,a,a,a,a,a,a,a,a,a,a,a,a,a,a,a,a,a,a,a,a,a,a,a,a,a,a,a,a,a,a,a,a,a,a,a,a,a,a,a,a,a,a,a,a,a,a,a,a,a,a,a,a,a,a,a,a,a,a,a,a,a,a,a,a
OWB39,b,b,b,b,b,b,b,b,b,b,b,b,b,b,b,b,b,b,b,b,b,b,b,b,b,b,b,b,b,b,b,b,b,b,b,b,b,b,b,b,b,b,b,b,b,b,b,b,b,b,b,b,b,b,b,b,b,b,b,b,b,b,b,b,b,b,b,b,b,b,b,-,b,b,b,b,b,b,b,b,b,b,b,b,b,b,b,b,b,b,b,b,b,b,b,b,b,b,a,a,a,a,a,a,a,a,a,a,a,a,a,a,a,a,a,a,a,a,a,a,a,a,a,a,a,a,a,a,a,a
OWB4,a,a,a,a,a,a,a,a,a,a,a,a,a,a,a,a,a,a,a,a,a,a,a,a,a,a,a,a,a,a,a,a,a,a,a,a,a,a,a,a,a,a,a,a,a,a,a,a,a,b,b,b,b,b,b,b,b,b,b,b,b,b,b,b,b,b,b,b,b,b,b,b,b,b,b,b,b,b,b,b,b,b,b,b,b,b,b,b,b,b,b,b,b,b,b,b,b,b,b,b,b,b,b,b,b,b,b,b,b,b,b,b,b,b,b,b,b,b,b,b,b,b,b,b,b,b,b,b,b,b
OWB40,a,a,a,b,b,-,b,b,b,b,b,b,b,b,b,b,b,-,b,b,b,b,b,b,b,b,b,b,b,b,b,b,b,b,b,b,b,b,b,b,b,b,b,b,b,b,-,b,b,b,b,b,b,b,b,b,b,b,b,b,b,b,b,b,b,b,b,b,b,b,b,b,b,b,b,b,b,b,b,b,b,b,b,b,b,b,b,b,b,b,b,b,b,a,a,a,a,-,a,a,a,a,a,a,a,a,a,a,a,a,a,a,a,a,a,a,a,a,a,a,a,a,a,a,a,a,a,a,a,a
OWB41,a,a,a,a,a,b,b,b,b,-,b,b,b,b,b,b,b,b,b,b,b,b,b,b,b,b,a,a,a,a,a,a,a,a,a,a,a,a,a,a,a,a,a,a,a,a,a,a,a,b,b,b,b,a,a,a,a,a,a,a,a,a,a,a,a,a,a,a,a,a,a,a,a,a,a,a,a,a,a,a,a,a,a,a,a,a,a,a,a,a,a,a,a,a,a,a,a,a,a,a,a,b,b,b,b,b,b,b,b,b,b,b,b,b,b,b,b,b,a,a,a,a,a,a,a,a,a,a,a,-
OWB42,a,a,a,a,a,a,a,a,b,b,b,b,b,b,b,b,b,b,b,b,b,b,b,b,b,b,b,b,b,b,b,a,a,a,a,a,b,b,b,b,b,b,b,b,b,a,a,a,a,b,b,b,-,b,b,b,b,b,b,b,b,b,b,b,a,a,a,a,a,a,a,a,a,a,a,a,a,a,a,a,a,a,a,a,a,a,a,a,a,a,a,a,a,a,b,b,b,b,b,b,b,b,b,b,b,b,b,b,b,b,b,b,b,-,b,b,b,b,b,b,b,b,b,b,b,b,b,b,b,b
OWB43,b,b,b,b,b,b,b,b,b,b,a,a,a,a,a,a,a,-,a,a,a,a,a,a,a,a,a,a,a,a,a,b,b,b,b,-,b,b,b,b,b,b,b,b,b,b,a,a,a,b,b,b,b,b,b,b,a,a,a,a,a,a,a,a,a,a,a,a,-,a,a,a,a,a,a,a,a,a,a,a,a,a,a,a,a,a,a,a,a,b,b,b,b,b,b,b,b,b,b,b,b,b,b,b,b,b,b,b,b,b,b,b,b,b,-,b,b,b,b,b,b,b,b,b,b,b,b,b,b,b
OWB44,b,a,a,a,a,a,a,a,a,a,a,a,a,a,a,a,a,a,a,a,a,a,a,a,a,a,a,a,a,a,a,a,a,a,a,a,b,b,b,b,b,b,b,b,b,b,b,b,b,a,a,a,a,a,a,a,a,a,a,a,a,a,a,a,a,a,a,a,-,a,a,a,a,a,a,a,a,a,a,a,a,a,a,a,a,a,a,a,-,a,a,a,a,a,a,a,a,-,a,a,a,a,a,a,a,a,-,a,a,a,a,b,b,b,b,b,b,b,b,b,b,b,b,b,b,b,b,b,b,b
OWB45,b,b,b,b,b,b,b,b,b,b,b,b,b,b,b,b,b,b,b,b,a,a,a,a,a,a,a,a,a,a,a,a,a,a,a,a,a,a,b,b,b,b,b,b,b,b,b,b,b,a,a,a,a,a,a,a,a,a,a,a,a,a,a,a,a,a,a,a,a,a,a,a,a,-,a,a,a,a,a,a,a,a,a,a,a,a,a,a,a,a,a,a,a,a,a,a,a,b,b,b,b,b,b,b,b,b,b,b,b,b,b,b,b,b,b,b,b,b,b,b,b,b,b,b,b,a,a,a,a,a
OWB46,a,a,a,a,a,a,a,a,a,a,a,a,a,a,a,a,a,-,a,a,a,a,a,a,a,a,a,a,a,a,a,a,a,a,a,a,a,a,a,a,a,b,b,b,b,b,-,b,b,b,b,b,b,b,b,b,b,b,b,b,b,b,b,b,a,a,a,a,a,a,a,a,a,a,a,a,a,a,a,a,a,a,a,a,a,a,a,a,a,a,a,a,a,b,b,b,b,b,b,b,b,b,b,b,b,b,b,b,b,b,b,b,b,b,b,b,b,b,b,b,b,b,b,b,b,b,b,b,b,b
OWB47,a,a,b,b,b,b,b,b,b,b,b,b,b,b,b,b,b,b,b,b,b,b,b,b,b,b,b,b,b,b,b,b,b,b,b,b,b,b,b,b,b,b,b,b,b,b,b,b,b,a,a,a,a,a,a,a,a,b,b,b,b,b,b,b,b,b,b,b,b,b,b,b,b,b,a,a,a,a,a,a,a,a,a,a,a,a,a,a,a,a,a,a,a,a,a,a,a,-,a,a,a,a,a,a,a,a,a,a,a,a,a,a,a,a,a,a,b,b,b,b,b,b,b,b,b,b,b,b,b,b
OWB48,b,b,b,b,b,b,b,b,b,b,b,b,b,b,b,b,b,b,b,b,b,b,b,b,b,b,b,b,b,b,b,b,b,a,a,a,a,a,a,a,a,a,a,b,b,b,b,b,b,a,-,-,a,a,a,a,a,a,a,a,a,a,a,a,a,a,a,a,a,a,a,a,a,-,a,a,a,a,a,a,a,a,a,a,a,a,a,a,a,a,a,a,a,a,a,a,a,a,a,a,a,b,b,b,b,b,b,b,b,b,b,b,b,b,b,b,b,b,b,a,a,a,a,a,a,a,a,a,a,a
OWB49,b,b,b,b,b,b,b,b,b,b,b,b,b,b,b,b,b,b,b,b,b,b,b,b,b,b,b,b,a,a,a,a,a,a,a,a,a,a,a,a,a,a,b,b,b,b,b,b,b,b,b,b,b,b,b,b,b,b,b,b,b,b,b,b,b,b,b,b,b,b,b,b,b,b,b,b,b,b,b,b,b,b,b,b,b,b,b,b,b,b,b,b,b,b,b,b,b,b,b,b,b,b,b,b,b,b,b,b,b,b,b,b,b,b,b,b,b,b,a,a,a,a,a,a,a,a,a,a,a,a
OWB51,a,a,a,a,a,b,b,b,b,b,b,b,b,b,b,b,b,b,b,b,b,b,b,b,b,b,b,a,a,a,a,a,a,a,a,a,a,a,a,a,b,b,b,b,b,b,b,a,a,a,a,a,a,a,a,a,a,a,a,a,a,a,a,a,a,a,a,a,a,a,a,a,a,a,a,a,a,a,a,a,a,a,a,a,a,a,a,a,a,a,a,a,a,a,a,a,a,a,a,a,a,a,a,a,a,a,a,a,a,a,a,a,a,a,a,a,a,a,a,a,a,a,a,a,a,a,a,a,a,a
OWB52,b,b,b,b,b,b,b,b,b,b,b,b,b,b,b,b,b,b,b,b,b,b,b,b,b,b,b,b,b,b,b,b,b,b,b,b,b,b,b,b,b,b,b,b,b,b,b,b,b,a,a,a,a,a,a,a,a,a,a,a,a,a,a,a,b,b,b,b,b,b,b,b,b,b,b,b,b,b,b,b,b,b,b,b,b,b,b,b,b,b,b,b,b,b,b,b,b,a,a,a,b,b,b,b,b,b,b,b,b,b,b,b,b,b,b,b,b,b,b,b,b,b,b,b,b,b,b,b,a,a
OWB53,b,b,b,b,b,b,b,b,b,b,b,b,b,b,a,a,a,a,a,a,a,a,a,a,a,a,a,a,a,a,a,b,b,b,b,b,b,b,b,b,b,b,b,b,b,a,a,a,a,a,a,a,a,a,a,a,a,a,a,a,a,a,a,a,b,b,b,b,b,b,b,b,b,b,b,a,a,a,a,a,a,a,a,a,a,a,a,a,a,a,a,a,a,a,a,a,a,-,a,a,a,a,a,a,a,a,a,a,a,a,a,a,a,a,a,a,a,a,a,a,b,b,b,b,b,b,b,b,b,b
OWB54,b,b,b,b,b,b,b,b,b,b,b,b,b,b,b,b,b,b,b,b,b,b,b,b,b,b,b,b,b,b,b,b,b,b,b,b,b,b,b,b,b,b,b,b,b,b,-,b,a,a,a,a,a,a,a,a,a,a,a,a,a,a,a,a,a,a,a,a,a,a,a,a,a,a,a,a,a,a,a,a,a,a,a,a,a,a,a,a,a,a,a,a,a,a,a,a,a,-,a,a,b,b,b,b,b,b,b,b,b,b,b,b,b,b,b,b,b,b,b,b,b,b,b,b,b,b,a,a,a,a
OWB55,a,a,a,a,a,a,a,a,a,a,a,a,a,a,a,a,a,a,a,a,a,a,a,a,a,a,a,a,a,a,a,a,a,a,a,a,a,a,a,a,a,a,a,a,a,b,b,b,b,a,a,a,a,a,a,-,a,a,a,a,a,a,a,a,a,a,a,a,a,a,a,a,b,b,b,b,b,b,b,b,b,b,b,b,b,b,b,b,b,b,b,b,b,b,b,b,a,a,a,a,a,a,a,a,a,a,a,a,a,a,a,a,b,b,b,b,b,b,b,b,b,b,b,b,b,b,b,b,b,b
OWB56,a,a,a,a,a,-,a,a,a,-,a,a,a,a,a,a,a,a,a,a,a,a,a,a,a,a,a,a,a,a,a,a,a,a,a,-,a,a,a,a,b,b,b,b,b,b,-,b,b,-,b,b,b,b,b,-,b,b,b,b,b,b,b,b,b,b,-,b,-,b,b,-,b,-,b,b,b,b,b,b,b,b,b,b,b,b,b,b,-,b,b,b,b,b,b,b,b,-,b,b,b,b,-,b,b,b,-,b,b,b,b,b,b,b,-,b,b,b,b,b,b,b,b,-,b,b,-,a,a,a
OWB57,a,a,a,a,a,a,a,a,a,b,b,b,b,b,b,b,b,b,b,b,b,b,b,b,b,b,b,b,b,b,b,a,a,a,a,a,a,-,a,a,a,a,a,a,a,a,a,a,a,b,b,b,b,b,b,b,b,b,b,b,b,b,b,b,b,b,b,b,b,b,b,b,b,b,b,b,b,b,b,b,b,b,b,b,b,b,b,b,b,b,b,b,b,b,b,b,b,b,b,b,b,b,b,b,b,b,a,a,a,a,a,a,a,a,a,a,a,a,a,a,b,b,b,a,a,a,a,a,a,a
OWB59,a,a,a,b,b,b,b,b,b,b,b,b,b,b,b,b,b,b,b,b,b,b,b,b,b,b,b,b,b,b,b,b,b,b,b,b,b,b,b,b,b,b,b,b,b,b,b,b,a,a,a,a,a,a,a,a,a,a,a,a,a,a,a,a,a,a,a,a,-,a,a,a,a,b,b,b,b,b,b,b,b,b,b,b,b,b,b,b,b,a,a,a,a,a,a,a,a,a,a,a,a,a,a,a,a,a,a,a,a,a,a,b,b,b,b,b,b,b,b,b,b,b,b,b,b,b,b,b,b,b
OWB6,b,b,b,b,b,b,b,b,b,b,b,b,b,b,b,b,b,b,b,b,b,b,b,b,b,b,a,a,a,a,a,a,a,a,a,a,b,b,b,b,b,b,b,b,b,b,b,b,b,b,b,b,b,b,b,b,b,b,b,b,b,b,b,b,b,b,b,a,a,a,a,a,a,a,a,a,a,a,a,a,a,a,a,a,a,a,a,a,a,a,a,a,a,a,a,a,a,-,a,b,b,b,b,b,b,b,b,b,b,b,b,b,b,b,b,b,b,b,b,a,a,a,a,a,a,a,a,a,a,a
OWB60,b,b,b,a,a,a,a,a,a,a,a,a,a,a,a,a,a,a,a,a,a,a,a,a,a,a,a,a,a,a,a,a,a,a,a,a,a,a,a,a,a,a,a,a,a,a,b,b,b,b,b,b,b,b,b,b,b,b,b,b,b,b,b,b,b,b,b,b,-,b,b,b,b,b,b,b,b,b,b,b,b,b,b,b,b,b,b,b,b,b,b,b,b,b,b,b,b,b,b,b,b,b,b,b,b,b,a,a,a,a,a,a,a,a,a,a,a,a,a,a,b,b,b,b,b,b,b,b,b,b
OWB61,b,b,b,b,b,b,b,b,b,b,b,b,b,b,a,a,a,a,a,a,a,a,a,a,a,a,a,a,a,a,b,b,b,b,b,a,a,a,a,a,a,a,a,a,a,a,a,a,a,b,b,b,b,b,b,b,b,b,b,b,b,b,b,b,b,b,b,b,b,b,b,b,b,b,b,b,b,b,b,b,b,b,b,b,b,b,b,b,b,b,b,b,b,b,b,b,b,b,b,b,b,a,a,a,a,a,a,a,a,a,a,a,a,a,a,a,a,a,a,a,a,a,a,a,a,a,a,a,b,b
OWB63,b,b,b,b,b,b,b,b,b,b,b,b,b,b,b,b,b,b,b,b,b,b,b,b,b,b,b,b,b,b,b,b,b,b,b,a,a,a,a,a,a,a,a,a,a,a,a,a,a,b,b,b,b,b,b,b,b,b,b,b,b,b,b,b,b,b,b,b,b,b,b,b,b,b,b,b,b,b,b,b,b,b,b,b,b,b,b,b,b,b,b,b,b,b,b,b,b,b,b,b,b,b,b,b,b,b,b,b,b,b,b,b,b,b,b,b,a,a,a,a,a,a,a,a,a,a,b,b,b,b
OWB64,b,b,a,a,a,a,a,a,a,a,a,a,a,a,b,b,b,b,b,b,b,b,b,b,b,b,b,b,b,b,b,a,a,a,a,a,a,a,a,a,a,a,a,a,a,a,a,a,a,b,b,b,b,b,b,b,b,b,b,b,b,b,b,b,b,b,b,b,b,b,b,b,b,b,b,b,b,a,a,a,a,a,a,a,a,a,a,a,a,a,a,a,a,a,a,a,b,b,b,b,b,b,b,b,b,b,b,b,b,b,b,b,b,b,b,b,b,b,b,b,b,b,b,b,b,b,b,b,b,b
OWB65,a,a,a,a,a,a,a,a,a,a,a,a,a,a,a,a,a,a,a,a,a,a,a,a,a,b,b,a,a,a,a,a,a,a,a,a,a,a,a,a,a,a,a,a,a,a,a,a,a,b,b,b,b,b,a,a,a,a,a,a,a,a,a,a,a,a,a,a,a,a,b,b,b,b,b,b,b,b,b,b,b,b,b,b,b,b,b,b,b,b,b,b,b,b,b,b,b,b,b,b,b,b,b,b,b,b,b,b,b,b,b,b,b,b,b,b,b,b,b,b,b,b,b,b,b,b,b,b,b,b
OWB66,b,b,b,b,b,b,b,b,b,a,a,a,a,a,a,a,a,a,a,a,a,a,a,a,a,a,a,a,a,a,a,a,a,a,a,a,a,a,a,a,a,a,a,a,a,a,a,a,a,b,b,b,-,b,b,b,b,b,b,b,b,b,b,b,b,b,b,b,b,b,b,b,b,b,b,b,b,b,b,b,b,a,a,a,a,a,a,a,-,a,a,a,a,a,a,a,a,a,a,a,a,a,a,a,a,a,a,a,a,a,a,a,a,b,b,b,b,b,b,b,b,b,b,b,b,b,b,b,b,b
OWB67,b,b,b,b,b,b,b,a,a,a,a,a,a,a,a,a,a,a,a,a,a,a,a,a,a,a,a,a,a,a,a,a,a,b,b,b,b,b,b,b,a,a,a,a,a,a,a,a,a,b,b,b,b,b,b,b,b,b,b,b,b,b,b,b,b,b,b,b,b,b,b,b,b,b,b,b,b,b,b,b,b,b,b,b,b,b,b,b,b,b,b,b,b,b,b,b,b,b,b,b,b,b,b,b,b,b,a,a,a,a,a,a,a,a,a,a,a,a,a,a,a,a,a,a,a,a,a,a,a,a
OWB68,b,b,b,b,b,b,b,b,b,b,b,b,b,b,b,b,b,b,b,b,b,b,b,b,b,b,b,b,b,b,b,a,a,a,a,a,a,a,a,a,a,a,a,a,a,a,a,a,a,a,a,a,a,a,a,-,a,a,a,a,a,a,a,a,a,a,a,a,a,a,a,a,a,a,a,a,a,a,a,a,a,a,a,a,a,a,a,a,a,a,a,a,a,a,a,b,b,b,b,b,b,b,b,b,b,b,b,b,b,b,b,b,b,b,b,b,b,b,b,b,a,a,a,a,a,a,a,a,a,a
OWB69,a,a,a,a,a,a,b,b,b,b,b,b,b,b,b,b,b,b,b,b,b,b,b,b,b,b,b,b,b,b,b,b,b,b,b,b,b,b,b,a,a,a,a,b,b,b,b,b,b,b,b,b,b,a,a,a,a,a,a,a,a,a,a,a,a,a,a,a,a,a,a,a,b,b,b,b,b,b,b,b,b,b,b,b,b,b,b,b,b,b,b,b,b,b,b,b,b,b,b,b,b,b,b,b,b,b,b,b,b,b,b,b,b,b,b,b,b,b,b,b,b,b,b,b,b,b,b,b,b,b
OWB7,b,b,b,b,b,b,a,a,a,a,a,a,a,a,a,a,a,-,a,a,a,a,a,a,a,a,a,a,a,a,a,b,b,b,b,b,b,b,b,b,b,a,a,a,a,a,a,a,a,b,b,b,b,b,b,b,b,b,b,b,b,b,b,b,b,b,b,b,b,b,b,b,b,b,b,b,b,b,b,b,b,b,b,b,b,b,b,b,b,b,b,b,b,b,b,b,b,b,b,b,b,b,b,b,b,b,b,b,b,b,b,b,b,b,b,b,b,b,b,b,b,b,b,b,b,b,b,b,b,b
OWB70,b,b,b,b,b,b,b,b,b,b,a,a,a,a,a,a,a,a,a,a,a,a,a,a,a,a,a,a,a,a,a,a,a,a,a,a,a,a,a,a,a,a,b,b,b,b,b,b,b,a,a,a,a,a,a,a,a,a,a,a,a,a,a,b,b,b,b,b,b,b,b,-,b,b,b,b,b,b,b,b,b,b,b,b,b,b,b,b,b,b,b,b,b,b,b,b,b,b,b,b,b,b,b,b,b,b,b,b,b,b,b,b,b,b,b,b,b,b,b,b,b,b,b,b,b,b,b,b,b,b
OWB72,b,b,b,b,b,b,b,b,b,b,b,b,b,b,b,b,b,b,b,b,b,b,b,b,b,b,b,b,b,b,b,b,b,b,b,b,b,b,b,b,b,b,b,b,b,b,b,b,b,a,a,a,a,a,a,a,a,a,a,a,a,a,a,a,b,b,b,b,b,b,b,-,b,b,b,b,b,b,b,b,b,b,b,b,b,b,b,b,-,b,b,b,b,b,b,b,b,b,b,b,b,b,b,b,b,b,b,b,b,b,b,a,a,a,a,a,a,a,a,a,a,a,a,a,a,a,a,a,a,b
OWB73,b,b,b,a,a,a,a,a,a,a,a,a,a,a,a,a,a,a,a,a,a,a,a,a,a,a,a,a,a,a,a,a,a,a,a,a,a,a,a,a,a,a,a,a,a,a,a,a,a,a,a,a,a,a,a,a,a,a,a,a,a,a,a,a,a,a,a,a,a,a,a,a,a,a,a,a,a,a,a,a,a,a,a,a,a,a,a,a,-,a,a,a,a,a,b,b,b,b,b,b,b,b,b,b,b,b,b,b,b,b,b,b,b,b,b,b,b,b,b,b,b,b,b,b,b,b,b,b,b,b
OWB74,b,b,b,b,b,b,b,b,a,a,a,a,a,a,a,a,a,a,a,a,a,a,a,a,a,a,a,a,a,a,a,a,a,a,a,a,a,a,a,a,a,a,a,a,a,a,a,a,a,a,a,a,a,a,a,a,a,a,a,a,a,a,a,a,b,b,b,b,b,b,b,b,b,b,b,b,b,b,b,b,b,b,b,b,b,b,b,b,a,a,a,a,a,a,a,a,a,a,a,a,a,a,a,a,a,a,a,a,a,a,a,a,a,a,a,a,b,b,b,b,b,b,b,b,b,b,b,b,b,b
OWB75,a,a,a,a,a,a,a,a,a,a,a,a,a,a,a,a,a,a,a,a,a,a,a,a,a,a,a,a,a,a,a,a,a,a,a,a,a,a,a,a,a,a,a,a,a,a,a,a,a,b,b,b,b,b,b,b,b,b,b,b,b,b,b,b,b,b,b,b,b,b,b,b,b,b,b,b,b,b,b,b,b,b,b,b,b,b,b,b,b,b,b,b,b,b,b,b,b,b,b,b,b,b,b,b,b,b,b,b,b,b,b,b,b,b,b,b,b,b,b,b,a,a,a,a,a,a,a,a,a,a
OWB76,b,b,b,b,b,b,b,b,b,b,b,b,b,b,b,b,b,b,b,b,b,b,b,b,b,b,b,b,b,b,b,b,b,b,b,b,b,b,b,b,b,b,b,b,b,b,b,b,b,a,b,b,b,b,b,b,b,b,b,b,b,b,b,b,b,b,b,b,b,b,b,b,b,b,b,b,b,b,b,b,b,b,b,b,b,b,b,b,b,b,b,b,b,b,b,b,b,b,b,b,b,b,b,a,a,a,a,a,a,a,a,a,a,a,a,a,a,a,b,b,b,b,b,b,b,b,b,b,b,b
OWB77,a,a,a,a,a,a,a,a,a,a,a,a,a,a,a,a,a,a,a,a,a,a,a,b,b,b,b,b,b,b,b,b,b,b,b,b,b,b,b,b,b,b,b,b,b,b,b,b,b,a,a,a,a,a,a,a,a,a,a,a,a,b,b,b,a,a,a,a,a,a,a,a,a,a,a,a,a,a,a,a,a,a,a,a,a,a,a,a,a,a,a,a,a,a,a,a,a,a,a,a,a,a,a,b,b,b,b,b,b,b,b,b,b,b,b,b,a,a,a,a,a,a,a,a,a,a,a,a,a,a
OWB78,a,a,a,a,a,a,a,a,a,a,b,b,b,b,b,b,b,b,b,b,b,b,b,b,a,a,a,a,a,a,a,a,a,a,a,a,a,a,a,a,a,a,a,a,a,a,a,a,a,a,a,a,a,a,a,a,a,a,a,a,a,a,a,a,a,a,a,a,a,a,a,a,a,a,a,a,a,a,a,a,a,a,a,a,a,a,a,-,a,a,a,a,a,a,a,a,a,b,b,b,b,b,b,b,b,b,b,b,b,b,b,b,b,b,b,b,b,b,b,b,b,b,b,b,b,b,b,b,b,b
OWB79,a,a,a,a,a,a,a,a,a,-,a,a,a,a,a,a,a,a,a,a,a,a,a,a,a,a,a,b,b,b,b,b,b,b,b,b,b,b,b,b,b,b,b,b,b,a,a,a,a,a,a,a,a,a,a,a,a,a,a,a,a,a,a,a,a,a,b,b,b,b,b,b,b,b,b,b,b,b,b,b,b,b,b,b,b,b,b,b,b,b,b,b,b,b,b,b,b,b,b,b,-,b,b,b,b,b,b,b,b,b,b,b,b,b,b,b,b,b,b,b,b,b,b,b,b,b,b,b,b,b
OWB8,b,b,b,b,b,b,b,b,b,b,b,b,b,b,b,b,b,b,b,b,b,b,b,b,b,b,b,b,b,b,b,b,b,b,b,b,b,b,b,b,b,b,b,b,b,b,b,b,b,b,b,b,b,b,b,b,b,b,b,b,b,b,b,b,b,b,b,b,b,b,b,b,b,b,b,b,b,b,b,b,b,b,b,b,b,b,b,b,b,b,b,b,b,b,b,b,b,b,b,b,b,b,b,b,a,a,a,a,a,a,a,a,a,a,a,a,a,a,a,a,a,a,a,a,a,a,a,a,a,a
OWB81,b,b,b,b,b,b,b,b,b,b,b,b,b,b,b,b,b,b,b,b,b,b,b,b,b,b,b,b,b,b,b,b,b,b,b,b,a,a,a,a,a,a,a,a,a,a,a,a,a,a,a,a,a,a,a,-,a,a,a,a,a,a,a,a,b,b,b,b,b,b,b,b,b,b,b,b,b,b,b,b,b,b,b,b,b,b,b,b,b,b,b,b,b,b,b,b,b,b,b,b,b,b,b,b,b,b,b,b,b,b,b,b,b,b,b,b,b,b,b,b,b,b,b,b,b,b,b,b,b,b
OWB82,b,b,b,b,b,b,b,b,b,b,b,b,b,b,b,b,b,b,b,b,b,b,b,b,b,b,b,b,b,b,b,b,b,b,b,b,b,b,b,b,b,b,b,b,b,b,b,b,b,b,b,b,b,b,b,b,b,a,a,a,a,a,a,a,a,a,a,a,a,a,a,a,a,a,a,a,a,a,a,a,a,a,a,a,a,a,a,-,a,a,b,b,b,b,b,b,b,b,b,b,b,b,b,b,b,b,b,b,b,b,b,b,b,b,b,b,b,b,b,b,b,b,b,b,b,b,b,b,b,b
OWB83,b,b,b,b,b,b,b,b,a,a,a,a,a,a,a,a,a,a,a,a,a,a,a,a,a,a,a,a,a,a,a,a,a,a,a,a,a,a,a,a,b,b,b,b,b,b,b,b,b,b,b,b,b,b,b,b,b,b,b,b,b,b,b,b,b,b,b,a,a,a,a,a,a,a,a,a,a,a,a,a,a,a,a,a,a,a,a,a,a,a,a,a,a,a,a,a,a,a,a,a,a,a,a,a,a,a,a,a,a,a,a,a,a,a,a,a,a,a,a,a,a,a,a,a,a,a,a,a,a,b
OWB84,b,b,b,b,b,b,b,b,b,b,b,b,b,b,b,b,b,b,b,b,b,b,b,b,b,b,b,b,b,b,b,b,b,b,b,b,b,b,b,b,b,b,b,b,b,b,a,a,a,b,-,b,b,b,b,b,b,b,b,b,b,b,b,b,b,b,b,b,b,b,b,b,b,b,b,b,b,b,b,b,b,b,b,b,b,b,b,b,b,b,b,b,b,b,b,b,b,b,b,b,b,b,b,b,b,b,b,b,b,b,b,b,b,b,b,b,b,b,b,b,b,b,b,b,b,b,b,b,b,b
OWB85,a,a,a,a,a,a,a,b,b,b,b,b,b,b,b,b,b,b,b,b,b,b,b,b,b,b,b,b,b,b,b,b,b,b,b,b,b,b,b,b,b,b,b,b,b,b,b,b,b,a,a,a,a,a,a,a,a,a,a,a,a,a,a,a,a,a,a,a,a,a,a,a,a,a,a,a,a,b,b,b,b,b,-,b,b,b,b,b,b,b,b,b,b,b,b,b,b,b,b,b,b,b,b,b,b,b,b,b,b,b,b,b,b,b,b,b,b,b,b,b,b,b,b,b,b,a,a,a,a,a
OWB86,a,a,a,a,a,a,a,a,a,a,a,a,a,a,a,a,a,a,a,a,a,a,a,a,a,a,a,a,a,a,a,a,a,a,a,a,a,a,a,a,a,a,a,a,a,a,a,a,a,b,b,b,b,b,b,b,b,b,b,b,b,b,b,b,a,a,a,a,a,a,a,a,a,a,a,a,a,a,a,a,a,a,a,a,a,a,a,a,a,a,a,a,a,a,a,a,b,b,b,b,b,b,b,b,b,b,b,b,b,b,b,b,b,b,b,b,b,b,b,b,b,b,b,b,b,b,b,b,b,b
OWB87,a,a,a,a,a,a,a,a,a,a,a,a,a,a,a,a,a,a,a,a,a,b,b,b,b,b,b,b,b,b,b,b,b,b,b,b,b,b,a,a,a,a,a,a,a,a,a,a,a,a,a,a,a,a,a,a,a,a,a,a,a,a,a,a,a,a,a,a,a,a,a,a,a,a,a,a,a,a,a,a,a,a,a,a,a,a,a,a,a,a,a,a,a,a,a,a,a,b,b,b,b,b,b,b,b,b,b,b,-,b,b,b,b,b,b,b,b,b,b,b,a,a,a,a,a,a,a,a,a,a
OWB89,a,a,a,a,a,a,a,a,a,a,a,a,a,a,a,a,a,a,a,a,a,a,a,a,a,a,a,a,a,a,a,a,a,a,a,a,a,a,a,a,a,a,a,b,b,b,b,b,b,b,b,b,-,b,b,b,b,b,a,a,a,a,a,a,a,a,a,a,a,a,-,a,a,a,a,a,a,a,a,a,a,a,a,a,a,a,a,a,a,a,a,a,a,a,a,a,a,a,a,a,a,a,a,a,a,a,a,a,a,a,a,a,a,a,a,a,a,a,a,a,b,b,b,b,b,b,b,b,b,b
OWB9,a,a,a,a,a,a,a,a,a,a,a,a,a,a,a,a,a,a,a,a,a,a,a,a,a,a,a,a,a,a,a,a,b,b,b,b,b,b,b,b,b,b,b,b,b,b,b,b,b,a,a,a,a,a,a,a,a,a,a,a,a,a,a,a,b,b,b,b,b,b,b,b,b,b,b,b,b,b,b,b,b,b,b,b,b,b,b,b,b,b,b,b,b,b,b,b,b,b,b,b,b,b,b,b,b,b,b,b,b,b,b,b,b,b,b,b,b,b,b,b,b,b,b,b,b,a,a,a,a,a
OWB90,a,a,a,a,a,a,a,b,b,b,b,b,b,b,b,b,b,b,b,b,b,b,b,b,b,b,b,b,b,a,a,a,a,a,a,a,a,a,a,a,a,b,b,b,b,b,b,b,b,a,a,a,a,a,a,a,a,a,a,a,a,a,a,a,a,a,a,a,a,a,a,a,a,a,a,a,a,a,a,a,a,a,a,a,a,a,a,a,a,a,a,a,a,a,a,a,a,a,a,a,a,a,a,b,b,b,b,b,b,b,b,b,b,b,b,b,b,b,b,b,b,b,b,b,b,b,b,b,b,b
OWB91,a,a,a,a,a,a,a,b,b,b,b,b,b,b,b,b,b,b,b,b,b,b,b,b,b,b,b,b,b,b,a,a,a,a,a,a,a,a,a,a,a,a,a,a,a,a,a,a,a,b,b,b,b,b,b,b,b,b,b,b,b,b,b,b,a,a,a,a,a,a,a,a,a,a,a,a,a,a,a,a,a,a,a,a,a,a,a,a,a,a,a,a,a,a,a,a,a,a,a,a,a,a,a,a,a,a,b,b,b,b,b,b,b,b,b,b,b,b,b,b,b,b,b,b,b,b,b,b,b,b
OWB92,b,b,b,b,b,b,b,b,b,b,b,b,b,b,b,b,b,b,b,b,b,b,b,b,b,b,b,b,b,b,b,a,a,a,a,a,a,a,a,a,a,a,a,a,a,a,a,b,b,b,b,b,b,b,b,b,b,b,b,b,b,b,b,b,b,b,a,a,a,a,a,a,a,a,a,a,a,a,a,a,a,a,a,a,a,a,a,a,a,a,a,a,a,a,a,a,a,-,a,a,a,a,a,a,a,a,a,a,a,a,a,a,a,a,a,a,a,a,a,a,a,a,a,a,a,a,a,a,a,a
OWB93,b,b,b,b,b,b,b,b,b,b,b,b,b,b,b,b,b,b,b,b,b,b,b,b,b,b,b,-,b,b,b,b,b,b,b,b,b,b,b,b,b,b,b,b,b,b,b,b,b,a,a,a,a,a,a,a,a,a,a,a,a,a,a,a,a,a,a,a,a,a,a,a,a,a,a,a,a,a,a,a,a,a,a,a,a,a,a,a,a,a,a,a,a,a,a,a,a,a,a,b,b,b,b,b,b,b,-,a,a,a,a,a,a,a,a,a,a,a,a,a,a,a,a,a,a,a,a,a,a,a
OWB94,a,a,a,a,a,a,a,a,a,a,a,a,a,a,a,a,a,a,a,a,a,a,a,a,a,a,a,b,b,b,b,b,b,b,b,b,b,b,b,b,b,b,b,b,b,b,b,b,b,a,a,a,a,a,a,a,a,a,a,a,a,a,a,a,b,b,b,b,b,b,b,b,b,b,b,b,b,b,b,b,b,b,b,b,b,b,b,b,b,b,b,b,b,b,b,b,b,b,b,a,a,a,a,a,a,a,-,a,a,a,a,a,a,a,a,a,a,a,a,a,a,a,a,a,a,a,a,a,a,a
